source_domain,Credibility_Score
2loudmag.com,100
35.196.40.165,100
1001.com.do,100
6abc.com,100
101kgb.iheart.com,100
1029now.iheart.com,100
y94fm.iheart.com,100
youth-junction.com,100
youtu.be,100
youtube.com,100
z100.iheart.com,100
z100radio.iheart.com,100
z1035.com,100
z104fm.iheart.com,100
z951.com,100
zig.com,100
234today.com,100
www.wrestling-online.com,100
www.wrestlinginc.com,100
www.wrmf.com,100
abc7ny.com,100
about.hm.com,100
about.usps.com,100
acriticalreviewofthehelp.wordpress.com,100
action.citizen.org,100
adelove.com,100
www.yelp.com,100
www.youredm.com,100
alexander.senate.gov,100
alice955.iheart.com,100
allaboutthetea.com,100
allblackmedia.com,100
allthingslawandorder.blogspot.com,100
allthingsrh.com,100
amazingrace.wikia.com,100
america.aljazeera.com,100
abc7news.com,100
www.wthr.com,100
www.wtnh.com,100
www.wusa9.com,100
www.wwe.com,100
www.xskbx.co,100
www.xwfwm.co,100
www.y103fm.com,100
www.yellownetwork.net,100
www.wmur.com,100
americaspeaksink.com,100
aminoapps.com,100
amnayzh.wordpress.com,100
amplifiedpost.com,100
amysmartgirls.com,100
archive.li,100
archive.org,100
article.wn.com,100
articlebio.com,100
admin.xnug.uk,100
ag.ny.gov,100
agt.fandom.com,100
atlantadailyworld.com,100
auburnpub.com,100
autismgazette.com,100
automaticblogging.com,100
awards.trendolizer.com,100
awards.wga.org,100
ayibamagazine.com,100
azdailysun.com,100
americaneedsmitt.com,100
americanidol.wikia.com,100
www.womansown.co.uk,100
www.womenshealth.com.au,100
www.wopular.com,100
www.wordstream.com,100
www.workingmother.com,100
www.wptv.com,100
www.wqfak.co,100
www.wral.com,100
www.wheninmanila.com,100
www.whimn.com.au,100
barkpost.com,100
baseline.tennis.com,100
bckonline.com,100
beautybeatbox.com,100
beautyzon.info,100
behindthechair.com,100
bellanyc.com,100
bellatwins.org,100
berniesanders.com,100
bestblackfriday.com,100
beta.criticalmention.com,100
betches.com,100
astrologyanswers.com,100
atheism.trendolizer.com,100
bigfrog104.com,100
bigwnews.com,100
bioguide.congress.gov,100
biphoomedia.wordpress.com,100
birthmoviesdeath.com,100
blackdoctor.org,100
blackhairspot.com,100
babyology.com.au,100
bangersandjams.com,100
www.whitehouse.gov,100
www.whowhatwear.com,100
www.wideopeneats.com,100
www.wikihow.com,100
www.wionews.com,100
www.wirk.com,100
www.wkyc.com,100
www.wltx.com,100
www.we.org,100
www.we963pdx.com,100
blog.iheart.com,100
blog.invoiceberry.com,100
blog.shopakira.com,100
blog.ticketmaster.co.uk,100
blog.winkylux.com,100
blogs.desmoinesregister.com,100
blogs.findlaw.com,100
blogs.rollcall.com,100
blogs.wsj.com,100
bloody-disgusting.com,100
bnn.org,100
bglh-marketplace.com,100
bgr.com,100
bojtv.com,100
boston.cbslocal.com,100
boundingintocomics.com,100
breakingfeedz.com,100
breaklondon.co.uk.yellow.mysitehosted.com,100
brianfalduto.com,100
broadly.vice.com,100
brobible.com,100
blog.familytheater.org,100
blog.feedspot.com,100
blog.feelingthevibe.com,100
buzzx.wordpress.com,100
ca.hellomagazine.com,100
calgaryherald.com,100
cancer.trendolizer.com,100
candy95.com,100
careertrend.com,100
cbo.gov,100
celebmix.com,100
boards.cruisecritic.com,100
www.wearelatinlive.com,100
www.web-brains.com,100
www.webbyawards.com,100
www.webmd.com,100
www.weddingtropics.com,100
www.westerntelegraph.co.uk,100
www.wetv.com,100
www.wfla.com,100
www.wfmz.com,100
www.wgrz.com,100
www.walkoffame.com,100
www.wanttoknow.info,100
celebritybabyscoop.com,100
celebritygossippics.com,100
celebrityinside.com,100
celebritymaximum.com,100
cfda.com,100
champagneandshade.com,100
charlesbrewer48125s.tumblr.com,100
chasinthebuck.com,100
bronxentertainment.blogspot.com,100
bstrongdeliveringgood.org,100
buzznews.co.uk,100
clerk.house.gov,100
clip2mp3.org,100
clothesfreelife.com,100
cmch.tv,100
cmtcody.iheart.com,100
coed.com,100
comedyfeed.co.uk,100
celebnews.gr,100
celebposter.com,100
celebritieswhogive.com,100
www.warnermusicnashville.com,100
www.washingtonblade.com,100
www.washingtonian.com,100
www.washingtonianplasticsurgery.com,100
www.washingtontimes.com,100
www.wbti.com,100
www.wbwn.com,100
www.wcpo.com,100
connecticutlifestyles.com,100
consequenceofsound.net,100
cookiesandsangria.com,100
cornerstoneconfessions.com,100
corporate.wwe.com,100
cosmicbook.news,100
costumedesignersguild.com,100
citditewind.cf,100
www.virascoop.com,100
www.visaliatimesdelta.com,100
www.visitdeepcreek.com,100
www.vladtv.com,100
www.votesmart.org,100
www.unitedbypop.com,100
coveteur.com,100
cq.com,100
crime.chicagotribune.com,100
crossroadstrading.com,100
cupidspulse.com,100
d23.com,100
dailyadvent.com,100
dailydings.com,100
community.michaeljacksonhoaxforum.com,100
communitynewsblog.com,100
www.usanetwork.com,100
www.ventlyfe.com,100
www.vgxlk.co,100
www.vibe.com,100
www.vice.com,100
www.tvfanatic.com,100
www.tvovermind.com,100
www.twincities.com,100
www.txbxsa.co,100
www.udiscovermusic.com,100
www.ujprd.co,100
www.unhcr.org,100
www.unionleader.com,100
www.totalbeauty.com,100
www.tourradar.com,100
dailytimes.com.pk,100
darlingafrica.com,100
data.bls.gov,100
data.unhcr.org,100
datingwomen.betterelationships.com,100
de.wikipedia.org,100
decider.com,100
countryfancast.com,100
democrats-oversight.house.gov,100
demosly.com,100
detroit.cbslocal.com,100
diffuser.fm,100
digg.com,100
digviral.com,100
disney.trendolizer.com,100
disney.wikia.com,100
disneyparks.disney.go.com,100
dailynews.news,100
www.trashtalktv.com,100
www.travelweek.ca,100
www.trending2day.com,100
www.tresemme.com,100
www.tripadvisor.com,100
www.triplem.com.au,100
www.trueara.com,100
www.trustedreviews.com,100
www.thoughtco.com,100
www.ticketingboxoffice.com,100
docquery.fec.gov,100
docs.daviecountync.gov,100
documents.nytimes.com,100
dodoodad.com,100
dondadda.co.uk,100
dooce1.blogspot.com,100
duggarfamily.com,100
durangoherald.com,100
duta.in,100
easydamus.com,100
ebayproductfree.blogspot.com,100
dejavu-intl.com,100
dekhmedia.blogspot.com,100
delegatenews.com,100
edaily.co.ke,100
edition.cnn.com,100
editorial.rottentomatoes.com,100
efair.tv,100
elections.nytimes.com,100
elifestyle.xyz,100
elizabeth-olsen.com,100
elsa.berkeley.edu,100
emirateswoman.com,100
disneyworld.disney.go.com,100
www.time.com,100
www.tlc.com,100
www.todaysparent.com,100
www.todaytells.com,100
www.toofaced.com,100
www.tor.com,100
www.thestate.com,100
www.thesunchronicle.com,100
en.oxforddictionaries.com,100
en.paperblog.com,100
en.vogue.fr,100
en.wikiquote.org,100
en.yibada.com,100
energycommerce.house.gov,100
enigmablack.com,100
entertainment.ie,100
entertainmentextravaganza.org.uk,100
ebecisparta.org,100
eblnews.com,100
es.xfinity.com,100
esiworldnews.blogspot.com,100
espn1530.iheart.com,100
espnmediazone.com,100
eva-nyc.com,100
evanjenkins.house.gov,100
everydayviralnews.com,100
empoweringastrology.com,100
en.koreaportal.com,100
www.thetoptens.com,100
www.thetrendspotter.net,100
www.thewealthrecord.com,100
www.theweek.co.uk,100
www.thezoereport.com,100
www.thirtyminded.com,100
www.themarysue.com,100
www.themoscowtimes.com,100
fairfield.dailyvoice.com,100
faithit.com,100
familydoctor.org,100
fanfest.com,100
fansided.com,100
fansoftaylor.com,100
fashionisers.com,100
fashionista.com,100
fashionweekdaily.com,100
feedbox.com,100
entertainmentsportdaily.wordpress.com,100
envelope.latimes.com,100
eonlineceleb.blogspot.com,100
www.theplace2.ru,100
www.theplayerstribune.com,100
www.thepopple.com,100
www.thequiz.com,100
www.theroot.com,100
www.thespec.com,100
www.thesquander.com,100
www.thestage.co.uk,100
www.thefashionspot.com,100
figureskatersonline.com,100
finapp.co.in,100
findarticles.com,100
flipboard.com,100
fm106.iheart.com,100
footwearnews.com,100
foreign.senate.gov,100
foreveramber.co.uk,100
forlipliner.blogspot.com,100
ewn.co.za,100
exclaim.ca,100
forums.previously.tv,100
fox2now.com,100
fox40.com,100
fox6now.com,100
freeform.go.com,100
freshveggies.co,100
friends.fandom.com,100
fierce.wearemitu.com,100
www.thefix.com,100
www.thefreelibrary.com,100
www.thegoodteatime.com,100
www.thehindupatrika.com,100
www.theknotnews.com,100
www.theloop.ca,100
www.thebalancecareers.com,100
www.thebestviralvideos.com,100
www.thebigdm.com,100
funny.trendolizer.com,100
galoremag.com,100
gameofthrones.fandom.com,100
geektyrant.com,100
genuine-people.com,100
getfollowersand.wordpress.com,100
getleashedmag.com,100
gettheglitter.com,100
forum.beyond-beautiful.com,100
www.thecinemaholic.com,100
www.thedailymeal.com,100
www.thedailyshow.com,100
www.thedoctorstv.com,100
www.thedrum.com,100
www.theedge.co.nz,100
www.taxpolicycenter.org,100
www.teamusa.org,100
girlsunlimited.org,100
gistblognaija.blogspot.com,100
glittermagrocks.com,100
gooderaentertainment804839066.wordpress.com,100
goop.com,100
gossipbucket.com,100
gossipgirl.wikia.com,100
frostsnow.com,100
frwebgate.access.gpo.gov,100
www.technobuffalo.com,100
www.techradar.com,100
www.techtimes.com,100
www.teenmomtalknow.com,100
www.telemundo.com,100
www.thaivisa.com,100
www.theashleysrealityroundup.com,100
www.theatermania.com,100
www.styleismyobsession.com,100
www.stylist.co.uk,100
www.sun-sentinel.com,100
graphics.nra.org,100
grazia.com.au,100
greys.fandom.com,100
greysanatomy.fandom.com,100
guardian.ng,100
guestofaguest.com,100
gunnarpeterson.com,100
gzoho.com,100
getuperica.com,100
gingesbecray.com,100
hellobeautiful.com,100
helloglow.co,100
hermoments.com,100
hiddenremote.com,100
highlighthollywood.com,100
hilltopmonitor.com,100
gossiplovers.com,100
gossipnewspoint.com,100
www.sundaynews.co.zw,100
www.sunglasswarehouse.com,100
www.supernewsworld.com,100
www.superstarmagazine.com,100
www.supremecourt.gov,100
www.sweetyhigh.com,100
www.syracuse.com,100
www.tacobell.com,100
www.talkentertainment.com,100
www.starbulletin.com,100
www.starnewsonline.com,100
www.starsearchcasting.com,100
hongkongcityportal.com,100
hornet.com,100
hot1047maine.com,100
hot969boston.com,100
hotlifestylenews.com,100
housekaboodle.com,100
hauteliving.com,100
heatcelebnews.com,100
www.startribune.com,100
www.starwars.com,100
www.state.gov,100
www.statista.com,100
www.stepandrepeat.com,100
www.stereogum.com,100
www.stlouisfed.org,100
www.stltoday.com,100
www.stoptheclot.org,100
www.storiesflow.com,100
www.stylecraze.com,100
www.sparknotes.com,100
www.spearswms.com,100
hypebae.com,100
i-d.vice.com,100
iheartuae.com,100
imgur.com,100
imprintent.org,100
informationcradle.com,100
intothegloss.com,100
investors.livenationentertainment.com,100
io9.gizmodo.com,100
hittvibe.wordpress.com,100
hollywoodholler.com,100
isalons.biz,100
itsblossom.com,100
itsurban.com,100
jbhnews.com,100
jessica-biel.com,100
jewelry-newsline.com,100
joannavargas.com,100
jonalisblog.com,100
jukajukablog.blogspot.com,100
hurricanecategory.com,100
hype.my,100
justsomething.co,100
kafkasdoor.com,100
kardashians.trendolizer.com,100
katu.com,100
katyperry.trendolizer.com,100
kdwb.iheart.com,100
keelyskorner.com,100
kengarex.com,100
keprtv.com,100
kfrog.radio.com,100
iphotography.club,100
iqmediacorp.com,100
ir.jcpenney.com,100
www.spillednews.com,100
www.spoilertv.com,100
www.sportingnews.com,100
www.sportsbettingdime.com,100
www.sportskeeda.com,100
www.spott.tv,100
www.springfieldspringfield.co.uk,100
www.ssa.gov,100
www.sspxjk.co,100
www.star-mag.co.uk,100
www.star-telegram.com,100
www.slimdadi.com,100
www.sltrib.com,100
kisscasper.com,100
knownetworth.com,100
kopitiambot.com,100
kost1035.iheart.com,100
kotaku.com,100
ksoo.com,100
ktla.com,100
junkee.com,100
jurassicpark.wikia.com,100
latest.bvk.hu,100
latimesblogs.latimes.com,100
laurenconrad.com,100
lawandorder.fandom.com,100
ledge.fleetwoodmac.net,100
legis.wisconsin.gov,100
library.cqpress.com,100
kickn1035.com,100
kiss108.iheart.com,100
www.smartertravel.com,100
www.soberinfo.com,100
www.sofeminine.co.uk,100
www.soleiltoujours.com,100
www.solsticesunglasses.com,100
www.someecards.com,100
www.sosoclip.com,100
www.shaniatwain.com,100
www.shape.com,100
www.shefinds.com,100
lithub.com,100
liveandletsfly.boardingarea.com,100
liveindex.co.uk,100
livenationproductions.com,100
liverampup.com,100
lonewolfmag.com,100
longroom.com,100
loudwire.com,100
lovestoriestv.com,100
ktvsl.com,100
kysdc.com,100
madison.com,100
madnessmedia.net,100
magicvalley.com,100
maliko.online,100
maneaddicts.com,100
markhyms.blogspot.com,100
marriedwiki.com,100
life.laseraway.com,100
lionking.fandom.com,100
www.shmoop.com,100
www.shockingview.com,100
www.si.com,100
www.siasat.com,100
www.sidereel.com,100
www.sidomexentertainment.com,100
www.siff.net,100
www.silive.com,100
www.simonandschuster.com,100
www.simplemost.com,100
www.slashfilm.com,100
www.sbs.com.au,100
www.schwarzkopf.com,100
meangirls.wikia.com,100
meletop.atozvid.com,100
mentalfloss.com,100
mic.com,100
millyzblog.blogspot.com,100
minnesota.cbslocal.com,100
missxpose.com,100
m.channel24.co.za,100
m.fame10.com,100
mlst.blog,100
momcurls.com,100
mommies.today,100
momvoyage.hilton.com,100
mona8888.com,100
money.usnews.com,100
moneyish.com,100
montrealgazette.com,100
mbahgendengs.blogspot.com,100
www.scoopwhoop.com,100
www.screendaily.com,100
www.seattletimes.com,100
www.self.com,100
www.senate.gov,100
www.sephora.com,100
www.sescoops.com,100
www.sfimw.co,100
www.rottentomatoes.com,100
my.charitywater.org,100
myfashunpassion.blog,100
myhoustonmajic.com,100
mylittlecorneroflife.com,100
myprofileblog25.blogspot.com,100
mystylebykartia.blogspot.com,100
nascarsite.125sites.com,100
nationaldaycalendar.com,100
nationalpost.com,100
nerdbastards.com,100
nerdist.com,100
mix.com,100
mix1077.iheart.com,100
mix931.iheart.com,100
newcelebnews.com,100
news.artnet.com,100
news.avclub.com,100
news.disneylandparis.com,100
news.harvard.edu,100
news.shaneperrymarketing.com,100
news.sky.com,100
musicrow.com,100
my.barackobama.com,100
www.royalinsight.net,100
www.sacculturalhub.com,100
www.saddoboxing.com,100
www.sanluisobispo.com,100
www.santacruzsentinel.com,100
www.sasse.senate.gov,100
www.saveur.com,100
www.realtor.com,100
newsbroadcastnetwork.com,100
newschamber.com,100
newschannel.pk,100
newsdeskpress.com,100
newsflash.one,100
newsneednews.com,100
newsnetwork.mayoclinic.org,100
nesn.com,100
neuzd.wordpress.com,100
newafricabusinessnews.com,100
www.redcarpet-fashionawards.com,100
www.regisjesuit.com,100
www.resetera.com,100
www.reviewjournal.com,100
www.revolvermag.com,100
www.ringspo.com,100
www.racked.com,100
www.radaronline.com,100
www.radio.com,100
nextdivas.com,100
nicershoes.com,100
nickalive.blogspot.com,100
nobelprize.org,100
nordic.businessinsider.com,100
notatkigeeka.pl,100
notebuzzz.com,100
now.ruelala.com,100
news.starbucks.com,100
news.yahoo.com,100
news4sanantonio.com,100
ny.curbed.com,100
ny.eater.com,100
nylon.com,100
nyulocal.com,100
newyork.cbslocal.com,100
www.rap-up.com,100
www.rappler.com,100
www.rawstory.com,100
www.realclearlife.com,100
www.realitytea.com,100
www.primermagazine.com,100
www.prnewswire.com,100
www.producersguild.org,100
www.productexpert.com,100
www.promgirl.com,100
www.purewow.com,100
www.purpleclover.com,100
www.pwtorch.com,100
www.qwekusblog.com,100
www.r-word.org,100
www.popmatters.com,100
olodomusics.com,100
omgcheckitout.com,100
oneappsgroup.com,100
onechicagocenter.com,100
onehallyu.com,100
onemileatatime.com,100
onlinelibrary.wiley.com,100
onn.network,100
onobello.com,100
onset-hollywood.com,100
now963.radio.com,100
outeast.com,100
overthemoon.com,100
pandagossips.com,100
papa-film.ru,100
partners.disney.com,100
patriotswire.usatoday.com,100
offthegrid.media,100
ohmy.disney.com,100
www.popularmechanics.com,100
www.pottermore.com,100
www.pottsmerc.com,100
www.powerslc.com,100
www.press.org,100
www.pride.com,100
www.playboy.com,100
www.politicsdaily.com,100
www.pollingreport.com,100
www.polygon.com,100
www.popbuzz.com,100
www.pbs.org,100
www.pbteen.com,100
www.pddzn.co,100
peoplemagazine.com.pk,100
phaishan.blogspot.com,100
philipayler.com,100
pitchfork.com,100
pizzabottle.co,100
planetradio.co.uk,100
politicaladarchive.org,100
www.pe.com,100
www.peta.org,100
www.pethealthnetwork.com,100
www.pewforum.org,100
www.philly.com,100
www.phrasemix.com,100
www.pictame.com,100
www.pinknews.co.uk,100
www.oyster.com,100
www.painnewsnetwork.org,100
politics.blogs.foxnews.com,100
politifact.com,100
pollingreport.com,100
popuculture.com,100
potolokrostov.ru,100
penmenpress.com,100
pennews.pencidesign.com,100
www.pakistantoday.com.pk,100
www.palmbeachdailynews.com,100
www.paparassi.com,100
www.papercitymag.com,100
www.papermag.com,100
www.parentsdome.com,100
www.parkerxl.com,100
www.pastemagazine.com,100
www.patheos.com,100
www.paul.senate.gov,100
www.onenewspage.com,100
www.onenewspage.us,100
praiserichmond.com,100
pranks.trendolizer.com,100
promotionmusicnews.com,100
punkee.com.au,100
q103albany.com,100
qa.tve.eonline.nbcuni.com,100
quemas.mamaslatinas.com,100
query.nytimes.com,100
politicalticker.blogs.cnn.com,100
rainbowfamilyadventures.com,100
rare.us,100
rarecountry.com,100
rarolae.com,100
ravi-celmag.blogspot.com,100
realitywives.net,100
realstyle.therealreal.com,100
rednoseday.org,100
power925.com,100
pr.nba.com,100
praisedc.com,100
www.opb.org,100
www.opensecrets.org,100
www.oprahmag.com,100
www.oregonlive.com,100
www.organicauthority.com,100
www.orlandosentinel.com,100
www.oroscopodioggiedomani.it,100
www.out.com,100
www.outlookindia.com,100
www.oversixty.com.au,100
www.overstock.com,100
remezcla.com,100
remonews.com,100
revenge.headliner.org,100
ridingthewave.com,100
riverdale.wikia.com,100
rock107mb.iheart.com,100
ru-clip.net,100
qz.com,100
russianmachineneverbreaks.com,100
ryansblog9443565648.wordpress.com,100
sandrarose.com,100
sanfrancisco.cbslocal.com,100
scandal.fandom.com,100
scarlettjohansson.com.br,100
scroll.in,100
search.audioburst.com,100
redtri.com,100
reelhoney.com,100
www.ntnews.com.au,100
www.oceandraw.com,100
www.ocregister.com,100
www.officialcharts.com,100
www.ohioart.com,100
www.okayplayer.com,100
www.newsy-today.com,100
seronokkabar.blogspot.com,100
seuss.wikia.com,100
sg.style.yahoo.com,100
sg.theasianparent.com,100
shadowandact.com,100
shania.activeboard.com,100
shop.nordstrom.com,100
shopinson.com,100
showbizexpress.com,100
shows4.com,100
runninglip.com,100
www.newyorkupstate.com,100
www.nfib-sbet.org,100
www.nhsinform.scot,100
www.nigerianbulletin.com,100
www.nomadicmatt.com,100
www.northjersey.com,100
www.nostraightnews.com,100
www.notablebiographies.com,100
www.newsandstar.co.uk,100
www.newscabal.co.uk,100
skinnyms.com,100
smarttan.com,100
somethingturquoise.com,100
sotu.blogs.cnn.com,100
soundbooks.org,100
soyummy.com,100
select.nytimes.com,100
www.newshub.org,100
www.newsobserver.com,100
www.newsoncelebrity.com,100
www.newstatesman.com,100
www.nerdsandbeyond.com,100
www.netflix.com,100
sports.yahoo.com,100
sportzbonanza.com,100
sronews.com,100
stabenow.senate.gov,100
staging.omgcheckitout.com,100
starbuckssecretmenu.net,100
siliconvalleypaper.com,100
www.newbeauty.com,100
www.newhot997.com,100
www.newindianexpress.com,100
www.newmediasearch.com,100
www.newnownext.com,100
www.news18.com,100
www.news24.com,100
www.news5cleveland.com,100
www.news9ontime.com,100
www.nbcconnecticut.com,100
www.nbcdfw.com,100
www.nbclosangeles.com,100
steemkr.com,100
stocknewspress.com,100
store.brunomars.com,100
studybreaks.com,100
suicidepreventionlifeline.org,100
superbhub.com,100
supergirl.tv,100
swipelife.tinder.com,100
speeddating.tn,100
tawonmakanapa.dadli.mobi,100
tayangenter.blogspot.com,100
taylorswift.hol.es,100
taylorswift.trendolizer.com,100
tech2.org,100
techcrunch.com,100
teddeutch.house.gov,100
teenkidsnews.com,100
teenzonemagazine.co.za,100
teewhy-hive.blogspot.com,100
start.att.net,100
starwars.wikia.com,100
stayglam.com,100
www.nbcmiami.com,100
www.nbcnewyork.com,100
www.nbcphiladelphia.com,100
www.nbcsandiego.com,100
www.nbcumv.com,100
www.nbcuniversal.com,100
www.ncaa.com,100
www.ndtv.com,100
www.necn.com,100
www.narcity.com,100
www.nashcountrydaily.com,100
www.nashfm947.com,100
thatgrapejuice.net,100
the-handmaids-tale.wikia.com,100
the-line-up.com,100
the-royals.wikia.com,100
the100-news.tumblr.com,100
the100.fandom.com,100
theathletic.com,100
theboombox.com,100
theboot.com,100
theboxhouston.com,100
swoon.theodysseyonline.com,100
tamaratattles.com,100
thecelebscloset.com,100
thedadbag.com,100
thedailyday.com,100
thefrisky.com,100
thegirlfrompanama.com,100
thegoodplace.wikia.com,100
telanganatoday.com,100
textbacklinkexchanges.com,100
www.nashvillenoise.com,100
www.nationalclubgolfer.com,100
www.nationaleatingdisorders.org,100
www.naturallycurly.com,100
www.nba.com,100
www.nbc26.com,100
www.nbcbayarea.com,100
www.nbcboston.com,100
www.nbcchicago.com,100
www.mtv.com.au,100
www.mtvasia.com,100
thehollywoodradar.com,100
thehollywoodunlocked.com,100
themodemistress.com,100
themuse.jezebel.com,100
theneptunes.org,100
theoffice.wikia.com,100
thecaucus.blogs.nytimes.com,100
thecelebrity.club,100
therealhousewivesblog.blogspot.com,100
therightscoop.com,100
therompmagazine.com,100
thesaltyju.com,100
theskincareedit.com,100
thesource.com,100
thespotlyte.com,100
thegrapevine.theroot.com,100
thegrio.com,100
www.multichannel.com,100
www.music-news.com,100
www.musictimes.com,100
www.mydomaine.com,100
www.mykhel.com,100
www.mylifetime.com,100
www.mynuface.com,100
www.myvideo.ge,100
www.naacp.org,100
www.nap.edu,100
www.moet.com,100
www.mollysims.com,100
www.monster.com,100
thetrendler.com,100
theundefeated.com,100
theweek.com,100
thinkprogress.org,100
thomas.loc.gov,100
tlcnaptown.com,100
thepointsguy.com,100
thepoliticsforums.com,100
thereal.com,100
www.monstersandcritics.com,100
www.more.com,100
www.morefm.co.nz,100
www.motherjones.com,100
www.moviequotesandmore.com,100
www.mr-mag.com,100
www.msnbc.com,100
www.msnbc.msn.com,100
www.miamiherald.com,100
www.michaeljacksonmoon.com,100
traceycunningham.com,100
tracyanderson.com,100
transcripts.cnn.com,100
transcriptswire.cq.com,100
triblive.com,100
trolls.wikia.com,100
thetechsensei.com,100
thetitlemag.com,100
thetoptea.com,100
turitmo.com,100
tv.avclub.com,100
tvone.tv,100
tvseriesfinale.com,100
tvthisweek.us,100
tvtropes.org,100
tvweb.com,100
tweetchat.com,100
twilightsaga.wikia.com,100
today.yougov.com,100
tonto.eia.doe.gov,100
www.mills-peninsula.org,100
www.mindbodygreen.com,100
www.mindfood.com,100
www.miniminijewels.com,100
www.missuniverse.com,100
www.mittvmitt.com,100
www.mix106wnno.com,100
www.mjsbigblog.com,100
www.mnn.com,100
www.mobo.com,100
www.modbee.com,100
www.modeglam.com,100
www.mayoclinic.org,100
www.mcall.com,100
uk.reuters.com,100
uk.style.yahoo.com,100
undeadwalking.com,100
unitedtopic.com,100
universalanimation.wikia.com,100
unofa.blogspot.com,100
uproxx.com,100
uptownkia.ca,100
trueskincarecenter.com,100
tucson.com,100
tudonoticia.org,100
us.isportant.com,100
us.topshop.com,100
us3.campaign-archive1.com,100
www.media-marketing.com,100
www.mediavillage.com,100
www.menshealth.com,100
www.meritagedj.com,100
www.metro.news,100
www.miami.com,100
www.mandatory.com,100
usweekly.com,100
utterbuzz.com,100
vaaju.com,100
variancemagazine.com,100
vegnews.com,100
ventsmagazine.com,100
vesti24.mk,100
video.foxnews.com,100
us.hellomagazine.com,100
www.manrepeller.com,100
www.mariefranceasia.com,100
www.marketwatch.com,100
www.marthastewart.com,100
www.marvel.com,100
www.mass.gov,100
www.masslive.com,100
www.looptonga.com,100
www.lorealparisusa.com,100
viralhug.com,100
viraljournalist.com,100
viralpipeline.com,100
virusfreephone.com,100
vivaglammagazine.com,100
vmagazine.com,100
vman.com,100
vulturehound.co.uk,100
usefullyuselessinfo.wordpress.com,100
www.loudersound.com,100
www.lumens.com,100
www.lupusresearch.org,100
www.luxyhair.com,100
www.macduggal.com,100
www.macleans.ca,100
www.madeformums.com,100
www.magic1021.com,100
www.makeup.com,100
www.makeupforever.com,100
www.malaymail.com,100
www.lifenews.com,100
wcfcourier.com,100
wearemitu.com,100
webcache.googleusercontent.com,100
webvisible.com,100
wegotthiscovered.com,100
welcometotwinpeaks.com,100
wellnessmama.com,100
video.suntimes.com,100
www.lightworkers.com,100
www.lindaikejisblog.com,100
www.lipstiq.com,100
www.littlethings.com,100
www.live955.com,100
www.liveabout.com,100
www.local10.com,100
www.longroom.com,100
www.lookingforthepostman.com,100
www.looktothestars.org,100
www.latina.com,100
whatkatewore.com,100
whitneyport.com,100
whoistampabay.com,100
wikicelebinfo.com,100
wikinetworth.com,100
wikiofthrones.com,100
wild1055.com,100
wild941.com,100
wild949.iheart.com,100
windsorstar.com,100
winteriscoming.net,100
w3.nexis.com,100
washington.cbslocal.com,100
wmmr.com,100
womenandhollywood.com,100
womenfashiontrends.info,100
worldnews.easybranches.com,100
worldnews.guru,100
worldstarsmag.com,100
wornontv.net,100
wfpl.org,100
wgntv.com,100
wstale.com,100
wushack.com,100
wvlc.com,100
wwd.com,100
www.10best.com,100
www.10news.com,100
www.12news.com,100
www.15minutenews.com,100
www.24newsread.com,100
www.44blue.com,100
wjlbdetroit.iheart.com,100
www.latingrammy.com,100
www.latintimes.com,100
www.lauren-fan.com,100
www.law.cornell.edu,100
www.laweekly.com,100
www.lcidx.co,100
www.legends1027.com,100
www.legis.state.ak.us,100
www.lennyletter.com,100
www.level21mag.com,100
www.kohls.com,100
www.kqed.org,100
www.krmg.com,100
www.98online.com,100
www.9jaikeji.com,100
www.9news.com,100
www.9sportpro.com,100
www.aad.org,100
www.aarp.org,100
www.abcactionnews.com,100
www.acton.org,100
wreg.com,100
writles.com,100
www.aft.org,100
www.ahlanlive.com,100
www.al.com,100
www.aljazeera.com,100
www.all4women.co.za,100
www.allmusic.com,100
www.allmyfriendsaremodels.com,100
www.6sqft.com,100
www.951wayv.com,100
www.989thebridge.com,100
www.ktvb.com,100
www.kvue.com,100
www.kwtx.com,100
www.lacalletv.com,100
www.lady-first.me,100
www.lagostelevision.com,100
www.lansingstatejournal.com,100
www.last.fm,100
www.lastminutestuff.com,100
www.lastylemagazine.com,100
www.kare11.com,100
www.kartiavelino.com,100
www.kcci.com,100
www.ams.usda.gov,100
www.anastasiabeverlyhills.com,100
www.aninews.in,100
www.annyblog.com,100
www.apartmenttherapy.com,100
www.apetogentleman.com,100
www.app.com,100
www.adorebeauty.com.au,100
www.advocate.com,100
www.arkansasonline.com,100
www.armytimes.com,100
www.austin360.com,100
www.avclub.com,100
www.azcentral.com,100
www.babygaga.com,100
www.baltimoresun.com,100
www.altpress.com,100
www.amc.com,100
www.kcrg.com,100
www.kff.org,100
www.khaleejtimes.com,100
www.khou.com,100
www.kidspot.com.au,100
www.king5.com,100
www.kiro7.com,100
www.kiss925.com,100
www.kissottawa.com,100
www.knoxnews.com,100
www.jetsetter.com,100
www.jetss.com,100
www.jkrowling.com,100
www.bea.gov,100
www.bebevoyage.com,100
www.beifangyinhang.com,100
www.bestproducts.com,100
www.beyonce.com,100
www.bhphotovideo.com,100
www.billboardmusicawards.com,100
www.arabnews.com,100
www.bjocce.co,100
www.blackvibes.com,100
www.blink182vegas.com,100
www.blockislandorganics.com,100
www.bloomberg.com,100
www.bls.gov,100
www.bonappetit.com,100
www.boredpanda.com,100
www.boston.com,100
www.bbc.co.uk,100
www.bbcamerica.com,100
www.joe.co.uk,100
www.joe.ie,100
www.justdial.com,100
www.justgiving.com,100
www.k92radio.com,100
www.kansascity.com,100
www.brain-sharper.com,100
www.bravotv.co.nz,100
www.breakfastwithaudrey.com.au,100
www.bridesmagazine.co.uk,100
www.islandpacket.com,100
www.ispot.tv,100
www.itv.com,100
www.j1045.com,100
www.jamrockmagazine.com,100
www.japantimes.co.jp,100
www.jasonwustudio.com,100
www.jetmag.com,100
www.insighttrending.com,100
www.inspiremehomedecor.com,100
www.inspiringearthlings.com,100
www.interviewmagazine.com,100
www.investigationdiscovery.com,100
www.irealhousewives.com,100
www.irishcentral.com,100
www.britneyspears.com.br,100
www.brokensilenze.net,100
www.businessinsider.com.au,100
www.businessinsider.in,100
www.businesswire.com,100
www.buycelebrityclothes.com,100
www.buzzfeed.com,100
www.bostonmagazine.com,100
www.boutique8084.com,100
www.india.com,100
www.indy100.com,100
www.influenster.com,100
www.informationng.com,100
www.inglewoodtoday.com,100
www.inlander.com,100
www.insideedition.com,100
www.insideweddings.com,100
www.hwtm.com,100
www.hxgdf.co,100
www.hypable.com,100
www.c-span.org,100
www.cagesideseats.com,100
www.canada-headlines.com,100
www.canada-today.com,100
www.candymag.com,100
www.capitalfm.co.ke,100
www.care.com,100
www.brighthorizons.com,100
www.britannica.com,100
www.cbr.com,100
www.cbs.com,100
www.cbssports.com,100
www.cdc.gov,100
www.celebheights.com,100
www.buzzyoo.com,100
www.byrdie.com,100
www.iburn.com,100
www.ign.com,100
www.iheartradio.ca,100
www.iheartradio.com.au,100
www.iheartradio.net.nz,100
www.ilga.gov,100
www.housebeautiful.com,100
www.howtogeek.com,100
www.hqgolg.co,100
www.huffingtonpost.co.za,100
www.huffpost.com,100
www.hugtdy.co,100
www.huntpoll.com,100
www.hispanaglobal.net,100
www.cesarsway.com,100
www.channel24.co.za,100
www.channelthreesixfive.com,100
www.charlotteobserver.com,100
www.checkpregnancy.com,100
www.choc.org,100
www.chowhound.com,100
www.catchnews.com,100
www.cbc.ca,100
www.cbo.gov,100
www.citizenlink.org,100
www.citynews1130.com,100
www.cleveland.com,100
www.cmaworld.com,100
www.cnet.com,100
www.celebyolo.com,100
www.census.gov,100
www.history.com,100
www.historyextra.com,100
www.hollywoodclubcrawl.com,100
www.homegoods.com,100
www.hot1039.com,100
www.hot1061.com,100
www.hot933hits.com,100
www.hot981.com,100
www.hottubresorts.com,100
www.hauteresidence.com,100
www.hbo.com,100
www.comingsoon.net,100
www.commonwealthfund.org,100
www.converse.com,100
www.courant.com,100
www.christiantoday.com,100
www.healthbreakingnews.net,100
www.hercampus.com,100
www.herworld.com,100
www.heyalma.com,100
www.hgtv.com,100
www.grammy.com,100
www.greentechmedia.com,100
www.guardian.co.uk,100
www.guidelive.com,100
www.gurl.com,100
www.guttmacher.org,100
www.hallmarkchannel.com,100
www.halloweencostumes.com,100
www.godvine.com,100
www.crfashionbook.com,100
www.criticschoice.com,100
www.csicop.org,100
www.cuinsight.com,100
www.cupcakevineyards.com,100
www.cybersecurity-insiders.com,100
www.dailygawk.com,100
www.colbertnation.com,100
www.collegefashion.net,100
www.comedycentral.co.uk,100
www.goerie.com,100
www.goldenglobes.com,100
www.goldismoney2.com,100
www.good.is,100
www.goodhousekeeping.co.za,100
www.govtrack.us,100
www.gpo.gov,100
www.gq-magazine.co.uk,100
www.gamespot.com,100
www.gamesradar.com,100
www.gao.gov,100
www.dailynews.com,100
www.dailytribune.org,100
www.daytondailynews.com,100
www.dealnews.com,100
www.defenselink.mil,100
www.delish.com,100
www.denofgeek.com,100
www.departures.com,100
www.cq.com,100
www.dga.org,100
www.dickclark.com,100
www.dictionary.com,100
www.digitaltrends.com,100
www.disney.ph,100
www.disneygeekery.com,100
www.disneytouristblog.com,100
www.distractify.com,100
www.dailyherald.com,100
www.gaytimes.co.uk,100
www.girlslife.com,100
www.girlsofacertainage.com,100
www.glaad.org,100
www.glamour.co.za,100
www.glamseamless.com,100
www.globalsecurity.org,100
www.glossybox.co.uk,100
www.fox10phoenix.com,100
www.doe.mass.edu,100
www.dogster.com,100
www.dreadcentral.com,100
www.drliv.com,100
www.drrichardzeff.com,100
www.dstv.com,100
www.duggarfamily.com,100
www.easybranches.com,100
www.eater.com,100
www.ebay.com,100
www.deseretnews.com,100
www.desertsun.com,100
www.desmoinesregister.com,100
www.economist.com,100
www.ed.gov,100
www.eefvy.co,100
www.efe.com,100
www.eia.gov,100
www.elledecor.com,100
www.documentcloud.org,100
www.foxella.com,100
www.foxnewssports.site,100
www.foxsports.com,100
www.freaksugar.com,100
www.freep.com,100
www.fresnobee.com,100
www.fromthegrapevine.com,100
www.frontdoorfashion.com,100
www.fsis.usda.gov,100
www.fuse.tv,100
www.gaiam.com,100
www.gainesville.com,100
www.firstladyb.com,100
www.fitpregnancy.com,100
www.endofound.org,100
www.energyindy.com,100
www.englishbaby.com,100
www.entitymag.com,100
www.entrepreneur.com,100
www.epi.org,100
www.espn.com,100
www.ebru.co.ke,100
www.fkhsk.me,100
www.flake.senate.gov,100
www.floor8.com,100
www.flotrack.org,100
www.fnp.com,100
www.follownews.com,100
www.foodandwine.com,100
www.foodnetwork.com,100
www.fool.com,100
www.fox.com,100
www.fastcompany.com,100
www.fatherly.com,100
www.euronews.com,100
www.eveningexpress.co.uk,100
www.expatwoman.com,100
www.fabletics.com,100
www.fahihh.co,100
www.famefocus.com,100
www.famousbirthdays.com,100
www.famousfix.com,100
www.fashionbeans.com,100
www.encyclopediaofarkansas.net,100
www.fdic.gov,100
www.fedupthebook.com,100
www.femestella.com,100
www.femina.in,100
www.festival-cannes.com,100
www.fifa.com,100
www.financehighlights.com,100
www.financialnewsusa.com,100
www.finder.com,100
www.findinista.com,100
www.etalk.ca,100
www.eternallifestyle.com,100
7thheaven.wikia.com,100
925xtu.com,100
939litefm.iheart.com,100
949thebull.iheart.com,100
953jamz.com,100
957thespot.radio.com,100
975online.iheart.com,100
99tune.us,100
abc13.com,100
wwwxzone.com,100
x-files.wikia.com,100
www.yourphx.com,100
www.z90.com,100
www.z953.ca,100
www.zeel.com,100
www.zerchoo.com,100
www.zimbio.com,100
www.zmonline.com,100
www1.cbn.com,100
1iota.com,100
1061kissfm.iheart.com,100
1043myfm.iheart.com,100
tvline.com,98.61
www.scoopnest.com,98
www.youtube.com,97.83
theworldnews.net,97.56
www.biphoo.com,97.22
www.upi.com,97.1
www.indiewire.com,96.77
stylecaster.com,96.67
medium.com,96.3
www.kardashiantoday.com,95.83
www.w3livenews.com,95.65
www.archyworldys.com,95.24
www.tvinsider.com,95.24
hellogiggles.com,94.94
popculture.com,94.87
www.essence.com,94.12
www.bbc.com,93.85
us.hola.com,93.75
www.tvguide.com,93.55
www.reuters.com,93.33
www.bravotv.com,92.99
www.mtv.co.uk,92.86
money.cnn.com,92.86
www.lipstickalley.com,92.86
www.glamour.com,92.63
www.today.com,92.31
www.tennessean.com,92.31
www.justjaredjr.com,92.31
www.allure.com,92.11
www.cmt.com,91.67
www.esquire.com,91.67
www.theverge.com,91.67
realityblurb.com,91.67
parade.com,91.67
www.thewrap.com,91.53
www.newslocker.com,91.43
www.politifact.com,91.3
www.allabouttrh.com,90.91
news.iheart.com,90.91
popcrush.com,90.91
www.chicagotribune.com,90.91
www.instyle.com,90.62
deadline.com,90.57
www.usatoday.com,90.36
www.hollywoodreporter.com,90.3
www.womenshealthmag.com,90
www.irishexaminer.com,90
www.reddit.com,90
www.npr.org,90
www.countryliving.com,89.47
www.amazon.com,89.13
fortune.com,88.89
www.nbcnews.com,88.89
www.vulture.com,88.89
celebrity.nine.com.au,88.89
twitter.com,88.89
www.seventeen.com,88.89
www.apnews.com,88.89
toofab.com,88.52
uk.businessinsider.com,88.24
www.forbes.com,88.06
people.com,87.91
www.etonline.com,87.84
www.bustle.com,87.84
abcnews.go.com,87.59
www.pressparty.com,87.5
newsbeezer.com,87.5
www.cnbc.com,87.5
www.fame10.com,87.5
www.celebretainment.com,87.5
www.click2houston.com,87.5
www.christianpost.com,87.5
www.jamesnews.com,87.5
www.brit.co,87.1
globalnews.ca,86.96
www.rollingstone.com,86.9
www.biography.com,86.84
theblast.com,86.67
abc.go.com,86.36
www.ajc.com,86.36
www.nytimes.com,86.09
www.harpersbazaar.com,85.9
screencrush.com,85.71
madamenoire.com,85.71
www.gq.com,85.71
abc7.com,85.71
etcanada.com,85.71
www.quora.com,85.71
www.health.com,85.71
www.brides.com,85.37
variety.com,85.2
time.com,85.16
screenrant.com,85
www.nickiswift.com,84.62
www.her.ie,84.62
ftw.usatoday.com,84.62
www.refinery29.com,84.55
www.cbsnews.com,84.29
www.cinemablend.com,84.21
www.nydailynews.com,83.93
www.thisisinsider.com,83.93
ew.com,83.92
en.wikipedia.org,83.4
www.who.com.au,83.33
slate.com,83.33
aplus.com,83.33
www.womansday.com,83.33
www.xxlmag.com,83.33
www.dnaindia.com,83.33
www.mother.ly,83.33
bleacherreport.com,83.33
www.mtv.com,83.33
www.oxygen.com,83.33
www.adweek.com,83.33
www.peoplemagazine.co.za,83.33
www.realsimple.com,83.33
www.architecturaldigest.com,83.33
www.inverse.com,83.33
www.thrillist.com,83.33
www.billboard.com,83.25
tasteofcountry.com,82.35
www.teenvogue.com,82.26
mashable.com,81.82
www.theringer.com,81.82
www.vogue.com.au,81.82
torontosun.com,81.82
www.businessinsider.com,81.03
www.glamourmagazine.co.uk,80.95
www.vox.com,80.95
www.vogue.com,80.85
www.cnn.com,80.65
www.cosmopolitan.com,80.27
www.spin.com,80
www.abc15.com,80
www.vivala.com,80
www.moviefone.com,80
www.wellandgood.com,80
perezhilton.com,80
www.psychologytoday.com,80
hiplatina.com,80
www.bostonglobe.com,80
heightline.com,80
www.thetalko.com,80
www.independent.co.uk,80
finance.yahoo.com,80
abcnewsradioonline.com,80
www.flickr.com,80
www.flare.com,80
www.dailymail.co.uk,79.88
www.elitedaily.com,79.37
www.usmagazine.com,79.27
www.theguardian.com,78.95
www.ranker.com,78.57
www.huffingtonpost.com,78.43
www.vanityfair.com,78.43
www.broadwayworld.com,77.78
www.vh1.com,77.78
www.radiotimes.com,77.78
www.romper.com,77.78
www.iol.co.za,77.78
www.complex.com,77.78
www.instylemag.com.au,77.78
www.thedailybeast.com,77.42
ohnotheydidnt.livejournal.com,76.92
www.standard.co.uk,76.92
www.bet.com,76.47
www.townandcountrymag.com,76.32
www.washingtonpost.com,76.23
www.celebritynetworth.com,75.73
www.elle.com,75.12
www.thethings.com,75
www.nbcwashington.com,75
www.playbill.com,75
movieweb.com,75
www.harpersbazaar.com.sg,75
www.hellomagazine.com,75
www.metacritic.com,75
www.babble.com,75
www.slice.ca,75
www.southernliving.com,75
www.nbc.com,75
www.newshub.co.nz,75
www.ebony.com,75
www.parents.com,75
www.elle.com.au,75
rollingout.com,75
canoe.com,75
www.nme.com,75
www.target.com,75
www.beautycrew.com.au,75
www.thefader.com,75
forward.com,75
www.thestar.com,75
www.intomore.com,75
www.wmagazine.com,74.51
www.marieclaire.com,73.53
www.goldderby.com,72.73
onairwithryan.iheart.com,72.73
www.huffingtonpost.ca,72.73
www.tmz.com,72.29
www.hindustantimes.com,72.22
www.independent.ie,71.43
www.bankrate.com,71.43
nymag.com,71.43
www.digitalspy.com,71.43
www.vogue.co.uk,71.43
www.sacbee.com,71.43
pagesix.com,70.95
www.popsugar.com,70.37
www.aol.com,70.18
www.closerweekly.com,70
www.accessonline.com,70
comicbook.com,70
collider.com,70
www.justjared.com,69.23
www.foxnews.com,69.12
www.j-14.com,68.75
us.blastingnews.com,68.75
www.telegraph.co.uk,68
www.cheatsheet.com,67.8
blackamericaweb.com,66.67
atlantablackstar.com,66.67
www.gaystarnews.com,66.67
www.nola.com,66.67
www.much.com,66.67
apnews.com,66.67
www.newyorker.com,66.67
www.revelist.com,66.67
www.metro.us,66.67
tigerbeat.com,66.67
www.maxim.com,66.67
www.chron.com,66.67
www.royal.uk,66.67
www.vividseats.com,66.67
www.oscars.org,66.67
www.onecountry.com,66.67
www.cbs8.com,66.67
www.tampabay.com,66.67
www.bramptonguardian.com,66.67
www.syfy.com,66.67
www.soundslikenashville.com,66.67
kardashiandish.com,66.67
www.stuff.co.nz,66.67
www.redbookmag.com,66.67
meaww.com,66.67
www.livestrong.com,66.67
dailycaller.com,66.67
www.scmp.com,66.67
ktu.iheart.com,66.67
www.hollywood.com,66.67
www.laineygossip.com,66.67
www.huffingtonpost.com.au,66.67
fashionmagazine.com,66.67
simple.wikipedia.org,66.67
www.emmys.com,66.67
steemit.com,66.67
www.tonyawards.com,66.67
abc7chicago.com,66.67
celebrityinsider.org,66.23
web.archive.org,66.18
extratv.com,64.44
www.sheknows.com,64.29
www.capitalfm.com,63.64
www.newsday.com,63.64
www.politico.com,63.64
genius.com,63.64
www.thecut.com,63.49
nypost.com,63.33
www.wsj.com,62.5
www.latimes.com,62.5
www.msn.com,61.86
oscar.go.com,61.54
www.yahoo.com,60.78
www.smh.com.au,60
www.goodhousekeeping.com,60
www.marthastewartweddings.com,60
www.timesnownews.com,60
www.hotnewhiphop.com,58.33
www.highsnobiety.com,57.14
www.travelandleisure.com,57.14
www.marieclaire.com.au,57.14
www.mid-day.com,57.14
www.express.co.uk,56.34
www.thelist.com,55.56
www.news.com.au,55.56
jezebel.com,55.56
www.newsweek.com,55
timesofindia.indiatimes.com,54.55
thehill.com,53.33
www.wetpaint.com,52.63
www.mirror.co.uk,52.58
home.bt.com,50
doyouremember.com,50
hiphopwired.com,50
www.bleedingcool.com,50
economictimes.indiatimes.com,50
www.pedestrian.tv,50
bieber.trendolizer.com,50
www.viralthread.com,50
la.curbed.com,50
www.inc.com,50
www.jasonmomoanews.com,50
www.capitalxtra.com,50
feminism.trendolizer.com,50
gagadaily.com,50
www.theglobeandmail.com,50
theconversation.com,50
www.eurweb.com,50
www.worldlifestyle.com,50
adage.com,50
foxync.com,50
www.theodysseyonline.com,50
www.nbcsports.com,50
www.news-leader.com,50
www.broadway.com,50
www.indiatoday.in,50
www.clip.fail,50
www.buzzfeednews.com,50
www.irishtimes.com,50
gossipthot.wordpress.com,50
www.celebsnow.co.uk,50
www.howardstern.com,50
countryrebel.com,50
www.celebuzz.com,50
kiisfm.iheart.com,50
losangeles.cbslocal.com,50
wjla.com,50
www.amny.com,50
www.unilad.co.uk,50
www.clooneysopenhouse.com,50
honey.nine.com.au,50
dallasblack.com,50
www.ecfr.gov,50
spy.nzherald.co.nz,50
rumors.trendolizer.com,50
secondnexus.com,50
blog.wenn.com,50
www.nj.com,50
trace.tv,50
tiffanycknox.wordpress.com,50
www.directexpose.com,50
chicago.suntimes.com,50
www.phillyvoice.com,50
www.dazeddigital.com,50
closeronline.co.uk,50
www.deccanchronicle.com,50
theroyaluk.com,50
boingboing.net,50
now100fm.com,50
www.usnews.com,50
www.sbnation.com,50
www.redonline.co.uk,50
www.sfgate.com,50
wikivividly.com,50
www.look.co.uk,50
www.goal.com,50
www.manchestereveningnews.co.uk,50
www.metdaan.com,50
www.realitytvworld.com,50
www.mensjournal.com,50
www.marieclaire.co.uk,50
www.realclearpolitics.com,50
www.dailyedge.ie,50
pix11.com,50
revolt.tv,50
thestir.cafemom.com,47.83
tribune.com.pk,46.15
www.ibtimes.com,45
indianexpress.com,44.44
www.ibtimes.co.uk,44.44
www.harpersbazaar.com.au,42.86
metro.co.uk,42.03
bossip.com,40
www.timesofisrael.com,40
www.breitbart.com,40
www.twoeggz.com,40
observer.com,40
www.iheart.com,39.13
www.thesun.co.uk,39.06
www.nowtolove.com.au,35.71
www.mercurynews.com,34.69
www.abc.net.au,33.33
gulfnews.com,33.33
www.albawaba.com,33.33
www.emirates247.com,33.33
www.entertainmentdaily.co.uk,33.33
www.instagram.com,33.33
entertainment.inquirer.net,33.33
player.fm,33.33
www.mamamia.com.au,33.33
charlotterestaurantweek.iheart.com,33.33
www.dailytelegraph.com.au,33.33
www.nova969.com.au,33.33
calgarysun.com,33.33
www.naughtygossip.com,33.33
1037theq.iheart.com,33.33
www.inquisitr.com,32.28
www.wonderwall.com,32.14
okmagazine.com,31.52
www.aceshowbiz.com,29.41
heavy.com,28.57
www.ellentube.com,28.57
marriedbiography.com,28.57
www.datalounge.com,25
www.gobankingrates.com,25
www.trendolizer.com,25
www.pinterest.ca,25
www.thenational.ae,25
www.business-standard.com,25
www.facebook.com,25
me.me,20
www.contactmusic.com,20
www.enstarz.com,20
www.journalpost.com,20
www.lifeandstylemag.com,18.75
www.intouchweekly.com,18.48
www.dailystar.co.uk,16.67
www.theatlantic.com,16.67
www.girlfriend.com.au,16.67
www.thehollywoodgossip.com,16
discussion.femalefirst.co.uk,15.38
hollywoodlife.com,12.21
www.yourtango.com,11.76
radaronline.com,9.38
www.pinterest.co.uk,9.09
www.newidea.com.au,4.2
www.ibtimes.co.in,3.57
freeinfomedia.com,0
friendphonespy.gayatrijoshi.online,0
fellowshipoftheminds.com,0
www.thefutoncritic.com,0
www.thegatewaypundit.com,0
www.thelifebuzz.com,0
garner315.rssing.com,0
gawker.com,0
gellerreport.com,0
www.break.com,0
www.breakingnews247.net,0
actionnetwork.org,0
www.cairnspost.com.au,0
www.caras.com.mx,0
actionnews3.com,0
activistmommy.com,0
adamlamberttv.blogspot.com,0
www.buro247.me,0
www.imdb.com,0
www.ipopla.com,0
glabellar55.rssing.com,0
github.com,0
giphy.com,0
www.tdtalliance.com,0
www.thecommonsenseshow.com,0
www.theburningplatform.com,0
www.thebump.com,0
www.thebudgetbabe.com,0
www.thebreakingdawn.site,0
www.hishairclinic.com,0
www.cambridge-news.co.uk,0
www.huzlers.com,0
www.hulu.com,0
www.huffingtonpost.co.uk,0
www.infowars.com,0
www.bostonherald.com,0
fashionbombdaily.com,0
www.themercury.com.au,0
www.thevisibilityproject.com,0
www.theultsrc.org,0
emsnews.wordpress.com,0
evoke.ie,0
eveningw.com,0
ethnicelebs.com,0
www.hsn.com,0
www.houstonpress.com,0
forum.wordreference.com,0
www.ibtimes.sg,0
www.hyperactivz.com,0
au.be.yahoo.com,0
freedomdaily.com,0
forums.spacebattles.com,0
exclusive103.com,0
forfreedomworld.com,0
flashnewss.club,0
flashnewscorner.com,0
www.essentialkids.com.au,0
www.theejohndoe.com,0
www.therichest.com,0
yournewswire.com,0
www.celebdirtylaundry.com,0
www.cardschat.com,0
www.icel.edu.mx,0
helenastales.weebly.com,0
www.zerohedge.com,0
au.news.yahoo.com,0
heatworld.com,0
www.kxly.com,0
zimbabwe-today.com,0
www.kvoo.com,0
kellyandryan.com,0
justinbieberretiring.blogspot.com,0
howafrica.com,0
jis.gov.jm,0
jimcarreyonline.com,0
jenniferaniston211.blogspot.com,0
inshapetoday.com,0
info.nct.news,0
www.inspiringday.com,0
kncifm.com,0
knowyourmeme.com,0
kreolmagazine.com,0
ksskradio.iheart.com,0
jumboreport.com,0
ladylibertysnews.com,0
lasvegassun.com,0
i.stuff.co.nz,0
latestgossipsite.125sites.com,0
latestplasticsurgery.com,0
hot963.com,0
hotgazette.com,0
houstonpost.co,0
klou.iheart.com,0
headlinebooth.com,0
www.straight.com,0
later.com,0
www.justice.gov,0
www.justinalexander.com,0
www.irishmirror.ie,0
www.brainstain.co.uk,0
www.the-magician.co.uk,0
www.yogaesoteric.net,0
graziadaily.co.uk,0
www.barstoolsports.com,0
halfwaypost.com,0
handphone-blackmarket.tk,0
ghanaweb.website,0
www.breakingnews365.net,0
www.breatheheavy.com,0
www.birminghammail.co.uk,0
www.israelnationalnews.com,0
www.itechpost.com,0
gunrights.trendolizer.com,0
www.kidney.org,0
www.kimkardashianwest.com,0
www.kinggossip.com,0
www.belfasttelegraph.co.uk,0
www.betrendsetter.com,0
www.big987.com,0
www.archives.gov,0
www.jta.org,0
hiderou1.rssing.com,0
www.sunny1079.com,0
allnews4us.com,0
homelessholocaust.wordpress.com,0
globalgrind.cassiuslife.com,0
gloria.tv,0
www.bluedotdaily.com,0
alivetales.com,0
www.blingnews.com,0
broadwaydirect.com,0
breaking13news.com,0
boxden.com,0
books.google.com,0
bhcourier.com,0
blogs.trendolizer.com,0
conservative7.com,0
conservative-headlines.com,0
www.viralwdc.site,0
www.viraltruthwire.com,0
www.wccusd.net,0
www.wccbcharlotte.com,0
www.wbur.org,0
www.wattpad.com,0
clipsg.com,0
www.chicagosuntimes.live,0
beforeitsnews.com,0
www.csmonitor.com,0
www.cultivatingeducation.com,0
www.cvikas.com,0
www.cynopsis.com,0
www.dailybreak.com,0
conservativetown.com,0
www.discogs.com,0
christmasdailygifts.info,0
cities97.iheart.com,0
www.whathappensintheusa.com,0
www.worldfactsftw.com,0
www.cpsc.gov,0
www.creativeyadav.com,0
www.dianalegacy.com,0
www.disclose.tv,0
counterculturemom.com,0
www.eonline.com,0
www.zambianobserver.com,0
altrock993.iheart.com,0
www.firstpost.com,0
www.docshop.com,0
americannews.com,0
archive.is,0
www.wdjx.com,0
www.wilsoncountynews.com,0
www.wilmingtonfilm.com,0
www.wildabouthoudini.com,0
www.wikinow.co,0
www.econotimes.com,0
www.easy93.com,0
www.dw.com,0
caffertyfile.blogs.cnn.com,0
capelino.com,0
cash-servis.ru,0
bobbybones.iheart.com,0
www.westcoastsurrogacy.com,0
channel24news.com,0
clipkg.com,0
clipreview.net,0
www.duffelblog.com,0
www.gossip-addict.com,0
bitcoingrower.life,0
babylonbee.com,0
www.dailymotion.com,0
www.geopolitica.ru,0
www.womansworld.com,0
www.fox26houston.com,0
www.fox5dc.com,0
www.goodreads.com,0
www.higherperspectives.com,0
www.heraldsun.com.au,0
www.helloforos.com,0
www.heart.co.uk,0
dlisted.com,0
empirenews.net,0
edmontonsun.com,0
edayfm.com,0
donaldtrainews.blogspot.com,0
www.trendyfame.com,0
bigeye.ug,0
www.travelerstoday.com,0
www.trainnews.info,0
dailynative.us,0
dailyheadlines.net,0
www.happylandings.club,0
www.chatelaine.com,0
www.christforums.org,0
dmgnews.com,0
www.ticketmaster.com,0
www.timeslive.co.za,0
en.mediamass.net,0
en.wiktionary.org,0
y1025.iheart.com,0
espn961.iheart.com,0
www.celebitchy.com,0
www.celebsgo.com,0
www.haystack.tv,0
929jackfm.com,0
www.computerworld.com.au,0
www.conservativestories.com,0
www.wwltv.com,0
econewsmedia.org,0
www.haaretz.com,0
www.gucci.com,0
www.groupeleven.com,0
conservativepost.com,0
conservativedailypost.com,0
www.coventrytelegraph.net,0
www.courts.ca.gov,0
www.cosmopolitan.com.au,0
www.tv.com,0
www.tumblr.com,0
www.truthexam.com,0
www.veterantv.com,0
www.velvetropes.com,0
www.usacarry.com,0
community.spotify.com,0
www.grandcafekarakter.nl,0
www.uitvconnect.com,0
dailynewsonline.com,0
dailyworldupdate.us,0
dallas.culturemap.com,0
dawnofcomics.com,0
country929.com,0
diamondandsilk.americandailynews.org,0
dailyfeed.news,0
disaster.trendolizer.com,0
www.clipzui.com,0
www.house.gov,0
www.visitbritain.com,0
www.unseen-pedia.com,0
cr.adleverage.com,0
daily-vine.com,0
dailybuzzlive.com,0
diply.com,0
www.nyfoxnews.co,0
www.nzherald.co.nz,0
www.occupydemocrats.com,0
realnewsrightnow.com,0
realtimepolitics.com,0
redstatewatcher.com,0
top.ghostzero.tv,0
ayresearch.com,0
trueamericans.me,0
tuunn.dianbiao.ltd,0
twentyeightmay.pw,0
twitchy.com,0
www.opreminfo.com,0
reflectionofmind.org,0
revolutionradio.org,0
rickeysmileymorningshow.com,0
trends2world.blogspot.com,0
smartmindmag.com,0
snobette.com,0
soflvideo.ru,0
sentinelksmo.org,0
tenor.com,0
s1.zetaboards.com,0
sc.wordpress.com,0
sciencevibe.com,0
www.nscdscamps.org,0
thetango.net,0
thegreekobserver.com,0
www.myajc.com,0
www.mysterious-times.com,0
www.myz99.com,0
tinybuddha.com,0
tmzbreaking.com,0
redstatewave.com,0
theseattletribune.com,0
ultimateclassicrock.com,0
unofficialnetworks.com,0
urbanintellectuals.com,0
urbanislandz.com,0
us.pressfrom.com,0
us1035.iheart.com,0
usa24info.com,0
rip.trendolizer.com,0
usalibertypress.com,0
usamirrornews.com,0
usanews24h.tk,0
usanewscentral.com,0
otgrownupdatingeccr.coolcool.info,0
www.peoplemagazines.net,0
www.pewtrusts.org,0
www.pregnancymagazine.com,0
usaconservativereport.com,0
radionowhouston.com,0
politicot.com,0
politics2020.info,0
politicsdepot.com,0
politifeed.net,0
polls.trendolizer.com,0
portalstate.com,0
www.parentstv.org,0
uk.pressfrom.com,0
prepareforchange.net,0
proconservativenews.com,0
projectbritain.com,0
proudleader.com,0
quickening-spirit.com,0
politicass.com,0
politicono.com,0
real1061.iheart.com,0
www.patriotnetwork.one,0
the-fringe.com,0
theconlincompany.com,0
theeconomiccollapseblog.com,0
thefashionfauxpasofgabrielle.com,0
thefilmexperience.net,0
theglobalheadlines.net,0
thegoldwater.com,0
smallbites.andybellatti.com,0
www.fda.gov,0
www.empireonline.com,0
www.x17online.com,0
www.neonnettle.com,0
sportfella.com,0
stadtvilla1.rssing.com,0
star1043.iheart.com,0
star941fm.iheart.com,0
allthingsoneplace.me,0
www.femalefirst.co.uk,0
www.feedstripes.com,0
billingsgazette.com,0
teach2066.rssing.com,0
b100wobb.iheart.com,0
babe.net,0
www.empiresports.co,0
953bull.iheart.com,0
tgbyn.cjws.win,0
www.fevermagazine.com,0
24trueinfoamerica.com,0
www2.alabamavotes.gov,0
xxlmag.com,0
asnowrose.wordpress.com,0
100percentfedup.com,0
teddystick.com,0
www.neon-nettle.com,0
alternativemediasyndicate.com,0
therightists.com,0
theriver973.iheart.com,0
www.newscrane.com,0
www.newsdonaldtrumps.com,0
www.newsfeedusa.us,0
www.newslo.com,0
www.newson6.com,0
www.ok.co.uk,0
starcasm.net,0
sffq.aviazione.biz,0
showclipaz.com,0
showtodaytv.com,0
rumba1065.iheart.com,0
www.nielsen.com,0
www.newscats.org,0
skippyisheretostay.tumblr.com,0
smag31.com,0
www.newsx.com,0
starmagazine.com,0
singaporesammyboy.com,0
www.networthwikibio.com,0
stellar.ie,0
sthq.uawmfc.work,0
straightstoned.com,0
speedtalk.com,0
spinditty.com,0
thebuzz.iheart.com,0
www.nationalenquirer.com,0
www.nbc4i.com,0
thehorrormoviesblog.com,0
thejasminebrand.com,0
thekit.ca,0
thenationalmarijuananews.com,0
thenet.ng,0
thenewyorkevening.com,0
tasteofreality.com,0
usbreakingnews.net,0
what-you-missed.com,0
wakeupmrwest.com,0
wkrg.com,0
woman-in-cyber.com,0
worldnewsdailyreport.com,0
wovk.iheart.com,0
www.pressreader.com,0
wpde.com,0
wesupportdonaldtrump.com,0
wtvr.com,0
www.12up.com,0
mtonews.com,0
maxipolitics.com,0
www.selftanning.com,0
www.sfchronicle.com,0
wow1043.com,0
newspro.sherrysaffairs.com,0
www.revolvy.com,0
norvegiani.xyz,0
mysteriousearth.club,0
news.abs-cbn.com,0
news.antiwar.com,0
news.google.com,0
news.groopspeak.com,0
vt.co,0
muckrack.com,0
www.rte.ie,0
www.salon.com,0
www.samaa.tv,0
www.rearfront.com,0
newsbreakshere.com,0
newsfeedobserver.com,0
newslink.live,0
news.jill9.com,0
www.letsplayindex.com,0
www.lgbtqnation.com,0
www.abcnews-us.com,0
wrpm33.com,0
www.ajeteys.com,0
www.alison-jackson.co.uk,0
www.smoaky.com,0
mynewsla.com,0
www.someonesbones.com,0
www.soulspiritguidance.com,0
ln.is,0
www.americanproud.info,0
www.americatb.com,0
www.animalplanet.com,0
www.archynety.com,0
www.baldtruthtalk.com,0
www.sohh.com,0
loggedon.org,0
londonwebnews.com,0
madworldnews.com,0
maga2020.us,0
mainerepublicemailalert.com,0
majorthoughts.com,0
marquee.blogs.cnn.com,0
litefm.iheart.com,0
www.latinpost.com,0
miamipost.co,0
mightynest.com,0
mixgulfcoast.iheart.com,0
movies.trendolizer.com,0
www.latestly.com,0
lidblog.com,0
www.2medusa.com,0
wireler.com,0
www.slate.com,0
www.mediaite.com,0
www.mensxp.com,0
usnnetwork.com,0
uspostman.com,0
patriotcrier.com,0
patrioticviralnews.com,0
pegida.trendolizer.com,0
newslit.org,0
www.postbulletin.com,0
www.posteitaliane.it,0
v1019.com,0
www.masscops.com,0
www.looptt.com,0
videos.tube,0
viralactions.com,0
viraldevil.com,0
www.pornhub.com,0
www.pinkvilla.com,0
www.pinterest.dk,0
www.pinterest.es,0
www.pirate4x4.com,0
www.pizza.leapdigital.net,0
www.plasticsurgerypeople.com,0
plasticsurgerylove.com,0
policetimes.info,0
uinterview.com,0
oohlo.com,0
tnaty.lisboa.ltd,0
www.mcarchives.com,0
nrtonline.info,0
our.news,0
ourvoiceny.com,0
usanewstoday.org,0
usawatchdog.com,0
politicalmayhem.news,0
newsuptoday.com,0
www.raredr.com,0
www.ravinderbhalla.com,0
www.rcarecords.com,0
www.react365.com,0
uznayvse.ru,0
usleader.net,0
www.lovethispic.com,0
vote.us.org,0
www.libertyheadlines.com,0
washingtonpress.com,0
washingtonsources.org,0
wazanews.tk,0
wbul.iheart.com,0
web-site-design.info,0
video.southdreamz.com,0
video.vanityfair.com,0
www.magzter.com,0
www.projectrepublictoday.com,0
www.proxywhore.com,0
www.puppetstringnews.com,0
www.puredwts.com,0
www.popdust.com,0
www.popileriz.org,0
onceuponatime.wikia.com,0
nowtrump.com,0
newstarget.com,0
novom.ru,0
now8news.com,0
nyeveningnews.com,0
nytiwes.com,0
o.canada.com,0
obama.trendolizer.com,0
observeronline.news,0
oceanup.com,0
notallowedto.com,0
